{
    "image": "baboon",
    "target_codebook_size": 32,
    "block_shape": [
        2,
        2
    ],
    "vector_dimension": 4,
    "final_codebook_size": 32,
    "codebook": [
        [
            37.35758039816233,
            37.186064318529866,
            38.04823889739663,
            37.90199081163859
        ],
        [
            60.299442896935936,
            61.35933147632312,
            53.42571959145776,
            53.16388115134633
        ],
        [
            56.217125382263,
            57.37431192660551,
            72.72538226299694,
            76.21896024464831
        ],
        [
            83.06875881523273,
            79.76657263751763,
            77.07263751763047,
            75.67489421720734
        ],
        [
            74.19607843137256,
            70.0107843137255,
            121.01176470588236,
            81.6843137254902
        ],
        [
            95.97729336966394,
            94.3969118982743,
            96.94338480169543,
            97.46321525885558
        ],
        [
            85.18150975402884,
            122.74045801526718,
            73.99491094147582,
            80.10517387616625
        ],
        [
            95.14775977121067,
            130.59199237368924,
            92.36129647283127,
            136.3069590085796
        ],
        [
            106.03296703296704,
            92.82731554160125,
            47.64992150706436,
            47.73626373626374
        ],
        [
            167.52486187845304,
            168.01657458563537,
            16.464088397790054,
            16.917127071823206
        ],
        [
            134.79648842777334,
            145.5171588188348,
            81.06783719074222,
            88.72386272944932
        ],
        [
            173.49517374517376,
            170.68629343629343,
            103.39864864864865,
            98.86196911196912
        ],
        [
            135.09958506224066,
            98.1792531120332,
            94.83485477178424,
            81.12697095435685
        ],
        [
            137.28029602220167,
            95.44773358001851,
            153.27567067530066,
            111.00832562442183
        ],
        [
            111.97206703910615,
            112.79991723567143,
            114.2174632733292,
            111.00041382164287
        ],
        [
            123.65,
            122.9013422818792,
            124.69647651006711,
            126.76409395973154
        ],
        [
            70.02351834430856,
            73.15428033866417,
            91.40827845719662,
            121.6227657572907
        ],
        [
            81.38794435857805,
            82.516228748068,
            139.09273570324575,
            135.78748068006183
        ],
        [
            99.87989778534923,
            100.60647359454855,
            167.6678023850085,
            167.57495741056218
        ],
        [
            142.84952229299364,
            128.0374203821656,
            179.5095541401274,
            178.72770700636943
        ],
        [
            142.83048381229537,
            140.508912331757,
            128.46089487086212,
            119.92870134594398
        ],
        [
            112.11410459587955,
            152.47781299524564,
            132.54437400950872,
            158.90095087163232
        ],
        [
            157.1647373107747,
            169.99376669634907,
            110.89581478183437,
            153.37310774710596
        ],
        [
            184.8392156862745,
            182.89490196078432,
            149.50666666666666,
            135.88235294117646
        ],
        [
            139.2899702085402,
            135.33018867924528,
            143.49205561072492,
            143.15491559086396
        ],
        [
            171.45271779597914,
            139.11094564408043,
            169.22859270290394,
            137.63588979895755
        ],
        [
            152.2149615612064,
            157.0612063867534,
            152.85304553518628,
            154.51921939680662
        ],
        [
            142.68586387434556,
            172.92059336823735,
            176.66579406631763,
            184.47207678883072
        ],
        [
            168.83983849259758,
            166.02557200538357,
            165.87456258411845,
            167.97092866756392
        ],
        [
            178.98577329050022,
            177.57503441945846,
            177.235658558972,
            176.0330426801285
        ],
        [
            185.99112644811436,
            186.16144934680798,
            186.76140004929752,
            186.95883657875277
        ],
        [
            197.5203895313451,
            197.85149117468046,
            197.91357273280585,
            197.2793670115642
        ]
    ]
}