{
    "image": "barbara",
    "target_codebook_size": 32,
    "block_shape": [
        2,
        2
    ],
    "vector_dimension": 4,
    "final_codebook_size": 32,
    "codebook": [
        [
            19.18107748586631,
            19.21549717326239,
            19.137845028267375,
            19.238443631526437
        ],
        [
            27.89194960495409,
            28.484091394405297,
            27.91031390134529,
            28.543668588511636
        ],
        [
            43.82195845697329,
            40.396884272997035,
            41.72589020771513,
            41.47848664688427
        ],
        [
            58.3145325203252,
            60.35213414634146,
            57.41209349593496,
            57.855182926829265
        ],
        [
            34.42776523702032,
            68.83972911963883,
            40.11851015801354,
            90.60609480812641
        ],
        [
            64.25673534072901,
            129.92076069730587,
            66.36291600633915,
            86.82725832012679
        ],
        [
            99.68444444444444,
            42.345555555555556,
            78.17555555555556,
            35.04222222222222
        ],
        [
            149.590051457976,
            58.303602058319036,
            135.50943396226415,
            48.81646655231561
        ],
        [
            77.56247297881539,
            74.77561608300908,
            78.02853437094683,
            74.70211846087332
        ],
        [
            82.87908337396392,
            90.33252072159922,
            90.59044368600682,
            97.60019502681618
        ],
        [
            52.09618573797678,
            128.3681592039801,
            61.23217247097844,
            151.65008291873963
        ],
        [
            117.15631262525051,
            177.01402805611224,
            94.95991983967936,
            145.47094188376752
        ],
        [
            106.80448430493273,
            96.59282511210762,
            100.9829596412556,
            90.7255605381166
        ],
        [
            106.97151335311572,
            112.52522255192878,
            108.5219584569733,
            111.26973293768546
        ],
        [
            129.40271186440677,
            124.14271186440678,
            123.96779661016949,
            122.68203389830508
        ],
        [
            100.22358346094947,
            122.25421133231241,
            134.84532924961715,
            164.3032159264931
        ],
        [
            140.9076241695666,
            142.16450490351156,
            140.77791838025942,
            138.44701043973427
        ],
        [
            151.85272579332792,
            162.46501220504476,
            153.5772986167616,
            157.36452400325467
        ],
        [
            98.58615611192931,
            202.139911634757,
            111.21060382916053,
            215.52871870397644
        ],
        [
            154.1699604743083,
            218.14466403162055,
            165.6703557312253,
            215.87747035573122
        ],
        [
            129.40024630541873,
            86.83620689655173,
            160.7475369458128,
            95.43596059113301
        ],
        [
            170.21829521829522,
            114.35966735966736,
            178.8804573804574,
            133.00103950103951
        ],
        [
            220.95820433436532,
            112.6842105263158,
            205.05882352941177,
            89.94736842105263
        ],
        [
            213.5681818181818,
            142.7476076555024,
            215.10167464114832,
            172.01913875598086
        ],
        [
            191.2233009708738,
            137.052427184466,
            121.4873786407767,
            195.56699029126213
        ],
        [
            171.29105873550319,
            169.33482977927423,
            172.64122708567152,
            168.7254021698466
        ],
        [
            184.72956828672278,
            185.05077382568558,
            184.35514526201467,
            184.76052131414608
        ],
        [
            198.53858317520556,
            195.59234661606578,
            196.88013915243516,
            198.03352308665401
        ],
        [
            217.20486555697823,
            200.38796414852752,
            220.90268886043535,
            149.06786171574905
        ],
        [
            205.29609690444144,
            213.87528039479588,
            207.5127860026918,
            213.41363840287124
        ],
        [
            223.5026063100137,
            222.32620027434842,
            223.76186556927297,
            221.92235939643348
        ],
        [
            234.0688888888889,
            234.124,
            234.12022222222222,
            234.10777777777778
        ]
    ]
}