{
    "image": "goldhill",
    "target_codebook_size": 32,
    "block_shape": [
        2,
        2
    ],
    "vector_dimension": 4,
    "final_codebook_size": 32,
    "codebook": [
        [
            16.910775231594343,
            16.852267186738178,
            16.903949293027793,
            16.847391516333495
        ],
        [
            24.716117850953207,
            24.5736568457539,
            24.64055459272097,
            24.5369150779896
        ],
        [
            31.08991008991009,
            30.303030303030305,
            31.03163503163503,
            30.42224442224442
        ],
        [
            37.814668423364076,
            39.008783487044354,
            36.992534036012295,
            38.17654808959157
        ],
        [
            47.24003795066414,
            42.38709677419355,
            48.62381404174573,
            43.475806451612904
        ],
        [
            48.57402728650834,
            56.030823648307226,
            45.546235472460836,
            52.86862051541183
        ],
        [
            58.659951651893635,
            53.60394842868654,
            58.1494762288477,
            53.18251410153103
        ],
        [
            61.481436764262,
            62.76697856927256,
            63.87232115907033,
            65.30727437367945
        ],
        [
            72.4190077704722,
            74.90735206216378,
            69.52121936640765,
            71.85534967124926
        ],
        [
            81.59256756756757,
            66.50067567567568,
            84.37972972972973,
            68.7804054054054
        ],
        [
            66.95641025641025,
            88.00384615384615,
            75.11794871794872,
            97.86025641025641
        ],
        [
            83.25823892893924,
            83.38542739443872,
            82.51519052523172,
            82.40731204943357
        ],
        [
            96.28820337046558,
            95.29391602399315,
            91.1348186232505,
            90.24021708083404
        ],
        [
            89.68657565415245,
            88.0967007963595,
            103.42491467576792,
            101.58361774744027
        ],
        [
            106.37073060393575,
            105.48722008595341,
            102.59217371635377,
            102.00701198823795
        ],
        [
            93.26698262243286,
            127.32385466034755,
            91.79936808846762,
            126.39652448657188
        ],
        [
            104.51652452025586,
            103.73294243070363,
            118.39925373134328,
            117.63379530916845
        ],
        [
            117.22873392680515,
            116.29525222551929,
            113.20202769535113,
            112.47106824925817
        ],
        [
            125.29209979209979,
            125.75545738045739,
            123.40774428274429,
            123.99324324324324
        ],
        [
            119.57187176835573,
            121.00517063081696,
            138.82626680455016,
            141.37538779731128
        ],
        [
            149.9387755102041,
            108.5765306122449,
            141.98979591836735,
            101.5484693877551
        ],
        [
            137.94561027837258,
            139.4676659528908,
            134.18843683083512,
            135.64111349036403
        ],
        [
            147.47970135324312,
            148.50443303779747,
            148.78908072795147,
            149.62249183387775
        ],
        [
            161.40318118948824,
            159.57883817427387,
            158.0,
            156.01936376210236
        ],
        [
            162.35060639470782,
            166.98235942668137,
            169.39691289966925,
            172.53803748621831
        ],
        [
            178.97665847665849,
            176.92506142506141,
            173.96191646191647,
            171.03194103194105
        ],
        [
            182.2080173347779,
            183.4312026002167,
            184.99241603466956,
            185.87648970747563
        ],
        [
            195.05,
            194.84,
            194.563,
            194.157
        ],
        [
            204.6206896551724,
            204.70320197044336,
            203.99261083743843,
            204.11822660098522
        ],
        [
            213.57271557271557,
            213.4903474903475,
            214.52895752895753,
            214.51351351351352
        ],
        [
            225.09483368719037,
            225.1309271054494,
            224.87331917905166,
            224.97098372257608
        ],
        [
            231.11971104231165,
            231.1671826625387,
            231.156346749226,
            231.14499484004128
        ]
    ]
}