{
    "image": "lenna",
    "target_codebook_size": 32,
    "block_shape": [
        2,
        2
    ],
    "vector_dimension": 4,
    "final_codebook_size": 32,
    "codebook": [
        [
            47.684854186265284,
            47.79492003762935,
            47.57102539981185,
            47.89887111947319
        ],
        [
            54.570947570947574,
            54.026455026455025,
            54.41029341029341,
            54.1031746031746
        ],
        [
            59.59663341645885,
            61.59881546134663,
            59.744389027431424,
            61.75779301745636
        ],
        [
            72.46211251435132,
            64.93685419058554,
            71.29735935706086,
            64.19690011481056
        ],
        [
            62.131410256410255,
            80.45619658119658,
            63.48397435897436,
            82.08867521367522
        ],
        [
            79.7998981670061,
            80.22606924643584,
            79.86558044806517,
            80.68635437881873
        ],
        [
            97.9284603421462,
            69.22239502332815,
            94.35925349922239,
            67.89580093312597
        ],
        [
            133.31336405529953,
            80.97695852534562,
            128.72811059907835,
            81.09216589861751
        ],
        [
            89.69183864915573,
            90.60178236397749,
            89.61772983114446,
            90.49577861163228
        ],
        [
            75.50106157112526,
            109.51592356687898,
            79.23566878980891,
            112.35456475583864
        ],
        [
            99.75307262569832,
            98.47895716945996,
            99.0826815642458,
            97.87932960893855
        ],
        [
            105.55363497712253,
            105.87620742247077,
            105.65353329944077,
            106.18276563294357
        ],
        [
            113.69195922989807,
            114.36089090222725,
            114.10570026425066,
            115.24726311815779
        ],
        [
            135.00372439478585,
            116.4562383612663,
            121.84543761638734,
            103.16387337057728
        ],
        [
            122.39891696750902,
            122.85679903730446,
            122.89500601684718,
            123.32009626955475
        ],
        [
            101.28337874659401,
            133.94005449591282,
            105.79019073569482,
            138.92643051771117
        ],
        [
            130.220458932018,
            130.21531203088142,
            130.21509757666738,
            130.41239545357067
        ],
        [
            137.3321054122981,
            137.09181071124965,
            137.5281949560782,
            137.22839331255312
        ],
        [
            126.20161290322581,
            165.39112903225808,
            136.66532258064515,
            175.98387096774192
        ],
        [
            143.7303966789668,
            143.9700184501845,
            143.7610701107011,
            143.7645295202952
        ],
        [
            150.18639455782312,
            150.15319727891156,
            150.29931972789115,
            150.12952380952382
        ],
        [
            156.00523834468308,
            156.05840754321633,
            155.8734939759036,
            155.81639601885803
        ],
        [
            183.63529411764705,
            135.72941176470587,
            174.4294117647059,
            116.08823529411765
        ],
        [
            162.6419302514193,
            162.5344687753447,
            162.53041362530413,
            162.49675587996757
        ],
        [
            169.06547338671692,
            169.80310880829015,
            169.59679698539802,
            170.41215261422516
        ],
        [
            175.8728943338438,
            177.0423685553854,
            176.35068912710565,
            177.56814701378255
        ],
        [
            190.74899598393574,
            180.47791164658634,
            186.6144578313253,
            171.41967871485943
        ],
        [
            184.070987654321,
            187.9729938271605,
            186.13888888888889,
            189.33256172839506
        ],
        [
            194.85020970641102,
            194.57040143798682,
            194.86039544637507,
            194.4224086279209
        ],
        [
            202.01276324186344,
            202.6668793873644,
            202.2067645181876,
            202.47032546266752
        ],
        [
            209.9051724137931,
            209.85919540229884,
            209.8706896551724,
            209.78333333333333
        ],
        [
            218.93586005830903,
            218.69533527696794,
            218.98979591836735,
            218.8469387755102
        ]
    ]
}