{
    "linear": {
        "lenna": {
            "1bit": 8.680409948759547,
            "2bit": 17.763590974443947,
            "4bit": 33.11313411943219
        },
        "baboon": {
            "1bit": 8.527441644938783,
            "2bit": 19.034830139760313,
            "4bit": 33.26362235456835
        },
        "goldhill": {
            "1bit": 9.785410624940127,
            "2bit": 18.408817101853437,
            "4bit": 32.302485175126975
        },
        "barbara": {
            "1bit": 10.744699956473024,
            "2bit": 18.621878908021323,
            "4bit": 31.72941120245374
        }
    },
    "optimal": {
        "lenna": {
            "1bit": 20.15570554663934,
            "2bit": 26.51120782121302,
            "4bit": 36.18931345705035
        },
        "baboon": {
            "1bit": 20.566962198369396,
            "2bit": 26.310347349828245,
            "4bit": 36.546113006884426
        },
        "goldhill": {
            "1bit": 17.759326522198656,
            "2bit": 24.289944274828468,
            "4bit": 34.906336053062226
        },
        "barbara": {
            "1bit": 17.098999808892028,
            "2bit": 23.871381552751956,
            "4bit": 35.535147252036786
        }
    }
}